id;name;description;created_by;created_date;modified_by;modified_date
1;Summit Buckinghamshire Arkansas;port;fault-tolerant District;2021-03-19;Games Agent input;2021-03-20
2;morph;1080p;Frozen;2021-03-20;Inverse Money Market Account Face to face;2021-03-20
3;best-of-breed THX red;Monitored Savings Account Coordinator;Table digital;2021-03-20;Pre-emptive 5th generation superstructure;2021-03-20
4;Money Market Account Bedfordshire program;Industrial Lead override;Frozen 5th generation;2021-03-20;Cotton Technician;2021-03-19
5;Fundamental input;Keyboard Berkshire Cayman Islands Dollar;Customer multimedia;2021-03-19;Camp Bedfordshire;2021-03-19
6;Investment Account optimize;withdrawal;convergence Senior Dynamic;2021-03-20;orchestration;2021-03-19
7;backing up Sleek Steel Bike Generic Wooden Table;emulation Quality-focused;asynchronous;2021-03-19;Steel plug-and-play;2021-03-20
8;wireless;Investment Account;Utah Fantastic;2021-03-19;Chips;2021-03-20
9;Investor;turquoise extend Granite;Ergonomic Metal Table Future;2021-03-19;Computers;2021-03-20
10;copy;Advanced;Bedfordshire;2021-03-19;Ecuador Cambridgeshire Brunei Darussalam;2021-03-20
